product_id,sku,name,category,subcategory,current_price,currency,is_discontinued,introduced_dt,discontinued_dt
1,SKU-0000001,Esse,Grocery,Beverages,14.1308,AUD,False,2021-10-08,2022-03-03
2,SKU-0000002,Ab,Toys,Board,10.2869,AUD,False,2021-07-29,
3,SKU-0000003,Facere,Electronics,TV,15.2388,AUD,False,2022-07-06,
4,SKU-0000004,Officia,Home,Kitchen,23.6063,AUD,False,2022-05-17,
5,SKU-0000005,Ut,Clothing,Men,9.8053,AUD,False,2021-12-26,
6,SKU-0000006,Aperiam,Home,Bath,9.8054,AUD,False,2022-03-03,
7,SKU-0000007,Labore,Grocery,Pantry,24.2789,AUD,False,2023-02-09,
8,SKU-0000008,Eaque,Beauty,Makeup,16.1791,AUD,False,2021-08-09,
9,SKU-0000009,Provident,Grocery,Snacks,8.7169,AUD,False,2022-03-25,
10,SKU-0000010,Totam,Electronics,Computers,14.4585,AUD,False,2023-05-28,
11,SKU-0000011,Eveniet,Toys,STEM,8.7433,AUD,False,2021-04-06,
12,SKU-0000012,Delectus,Toys,Outdoor,8.7332,AUD,False,2021-04-27,
13,SKU-0000013,Recusandae,Home,Kitchen,12.4408,AUD,False,2023-03-27,
14,SKU-0000014,Illum,Clothing,Men,4.2349,AUD,False,2021-07-25,
15,SKU-0000015,In,Home,Bath,4.6531,AUD,False,2022-02-17,
16,SKU-0000016,Maxime,Home,Kitchen,8.3216,AUD,False,2024-04-11,
17,SKU-0000017,Provident,Clothing,Kids,6.6431,AUD,False,2022-05-24,
18,SKU-0000018,Quam,Grocery,Pantry,12.8987,AUD,False,2023-08-23,
19,SKU-0000019,Recusandae,Electronics,Computers,7.0005,AUD,False,2021-03-17,
20,SKU-0000020,Eveniet,Toys,Board,5.4404,AUD,True,2021-11-01,
21,SKU-0000021,Doloremque,Electronics,Audio,22.9387,AUD,False,2024-02-07,
22,SKU-0000022,Nobis,Clothing,Kids,9.8465,AUD,True,2022-12-30,
23,SKU-0000023,Quae,Clothing,Kids,11.4017,AUD,False,2021-04-18,
24,SKU-0000024,Nisi,Grocery,Snacks,5.4066,AUD,False,2022-01-01,
25,SKU-0000025,Magni,Electronics,Audio,8.3964,AUD,False,2023-05-22,
26,SKU-0000026,Est,Beauty,Hair,11.6518,AUD,False,2021-06-12,
27,SKU-0000027,Suscipit,Beauty,Makeup,6.1997,AUD,False,2023-07-30,
28,SKU-0000028,Tempora,Home,Bedding,13.3011,AUD,False,2021-05-24,
29,SKU-0000029,Laudantium,Electronics,TV,8.1636,AUD,False,2023-04-04,
30,SKU-0000030,Itaque,Grocery,Snacks,9.5272,AUD,False,2021-08-07,
31,SKU-0000031,Eum,Beauty,Hair,8.1592,AUD,False,2021-07-19,
32,SKU-0000032,Excepturi,Beauty,Makeup,27.8307,AUD,False,2024-02-05,
33,SKU-0000033,Recusandae,Clothing,Women,10.949,AUD,False,2023-11-30,
34,SKU-0000034,Eos,Beauty,Makeup,6.4957,AUD,False,2021-10-25,
35,SKU-0000035,Quos,Grocery,Snacks,16.6311,AUD,False,2021-08-27,
36,SKU-0000036,Cum,Electronics,Phones,5.9869,AUD,False,2023-04-07,
37,SKU-0000037,Aut,Beauty,Skin,12.2366,AUD,False,2023-09-24,
38,SKU-0000038,Voluptas,Beauty,Hair,4.1378,AUD,False,2021-07-26,
39,SKU-0000039,Accusantium,Electronics,TV,5.6741,AUD,False,2021-08-05,
40,SKU-0000040,Rem,Grocery,Snacks,12.1634,AUD,False,2022-11-04,
41,SKU-0000041,Vitae,Clothing,Kids,15.9464,AUD,False,2023-01-05,
42,SKU-0000042,Iusto,Grocery,Beverages,12.0093,AUD,False,2023-08-01,
43,SKU-0000043,Ipsam,Toys,Board,10.4038,AUD,False,2024-01-01,
44,SKU-0000044,Excepturi,Grocery,Snacks,9.4825,AUD,False,2021-04-22,
45,SKU-0000045,Vero,Electronics,Phones,5.2632,AUD,False,2021-07-04,2023-01-16
46,SKU-0000046,Hic,Beauty,Hair,7.6912,AUD,False,2021-03-22,
47,SKU-0000047,Tenetur,Toys,STEM,8.7555,AUD,False,2023-03-29,
48,SKU-0000048,Tempore,Toys,STEM,18.7007,AUD,False,2023-03-07,
49,SKU-0000049,Eveniet,Home,Bedding,13.0895,AUD,False,2022-04-26,
50,SKU-0000050,Aperiam,Beauty,Hair,4.5653,AUD,False,2022-02-07,
51,SKU-0000051,Nisi,Grocery,Beverages,12.9623,AUD,False,2021-11-05,
52,SKU-0000052,Ullam,Clothing,Men,9.0926,AUD,False,2022-03-10,
53,SKU-0000053,Perferendis,Home,Bedding,7.8581,AUD,False,2021-03-18,
54,SKU-0000054,Voluptatum,Toys,Board,14.9669,AUD,False,2021-04-11,
55,SKU-0000055,Iusto,Grocery,Pantry,18.458,AUD,False,2022-01-18,
56,SKU-0000056,Quas,Electronics,Phones,17.5603,AUD,False,2024-03-09,
57,SKU-0000057,Ipsam,Electronics,Audio,7.2456,AUD,False,2022-02-16,
58,SKU-0000058,Dicta,Beauty,Makeup,9.4441,AUD,False,2022-01-13,
59,SKU-0000059,Voluptatem,Home,Bedding,13.0089,AUD,False,2022-07-14,
60,SKU-0000060,Accusamus,Toys,Board,17.9533,AUD,False,2023-05-21,2023-11-01
61,SKU-0000061,Enim,Electronics,Computers,8.6747,AUD,False,2021-03-01,
62,SKU-0000062,Laborum,Home,Kitchen,10.046,AUD,False,2021-05-14,
63,SKU-0000063,Eaque,Toys,Outdoor,6.3397,AUD,False,2021-01-08,
64,SKU-0000064,Error,Toys,STEM,6.0611,AUD,False,2024-01-13,
65,SKU-0000065,Doloribus,Toys,Outdoor,16.548,AUD,False,2021-11-26,
66,SKU-0000066,Cum,Beauty,Hair,21.7175,AUD,False,2023-07-20,
67,SKU-0000067,Esse,Beauty,Makeup,10.6333,AUD,False,2023-05-15,
68,SKU-0000068,Modi,Toys,Outdoor,18.2063,AUD,False,2021-10-20,
69,SKU-0000069,Consequuntur,Clothing,Kids,13.2079,AUD,True,2023-01-04,2023-09-07
70,SKU-0000070,Minus,Electronics,Phones,7.984,AUD,False,2022-11-29,
71,SKU-0000071,Accusantium,Electronics,Audio,13.2064,AUD,False,2023-03-30,
72,SKU-0000072,Deleniti,Electronics,Computers,23.7841,AUD,False,2021-04-20,
73,SKU-0000073,Architecto,Grocery,Beverages,10.8275,AUD,False,2023-07-23,
74,SKU-0000074,Ut,Grocery,Pantry,24.1027,AUD,True,2024-04-07,
75,SKU-0000075,Maiores,Home,Kitchen,2.9747,AUD,False,2022-08-14,
76,SKU-0000076,Debitis,Home,Kitchen,16.6257,AUD,False,2022-01-14,
77,SKU-0000077,Soluta,Toys,STEM,11.5135,AUD,False,2022-12-23,
78,SKU-0000078,Repudiandae,Electronics,Audio,9.4924,AUD,False,2023-05-04,
79,SKU-0000079,Ullam,Home,Bedding,11.5407,AUD,False,2023-11-27,
80,SKU-0000080,Suscipit,Beauty,Makeup,4.0805,AUD,False,2021-06-07,
81,SKU-0000081,Deserunt,Clothing,Kids,9.8766,AUD,False,2021-01-24,
82,SKU-0000082,Maxime,Grocery,Snacks,13.1781,AUD,False,2021-06-13,
83,SKU-0000083,Quasi,Home,Bath,23.0796,AUD,False,2023-09-15,
84,SKU-0000084,Repellat,Home,Kitchen,8.5068,AUD,False,2024-01-24,2025-03-04
85,SKU-0000085,Mollitia,Electronics,Computers,7.3577,AUD,True,2023-02-05,
86,SKU-0000086,Aspernatur,Toys,Outdoor,8.5773,AUD,False,2021-07-26,
87,SKU-0000087,Corrupti,Toys,Outdoor,17.4214,AUD,False,2022-08-31,
88,SKU-0000088,Adipisci,Toys,STEM,12.9925,AUD,False,2023-01-06,
89,SKU-0000089,Explicabo,Electronics,Audio,8.4581,AUD,False,2023-05-25,
90,SKU-0000090,Perferendis,Clothing,Women,14.2482,AUD,False,2021-03-14,2023-01-28
91,SKU-0000091,Commodi,Beauty,Makeup,11.5714,AUD,False,2024-01-06,
92,SKU-0000092,Nisi,Grocery,Beverages,17.8914,AUD,True,2022-08-05,
93,SKU-0000093,Nisi,Clothing,Men,7.7599,AUD,False,2021-03-17,
94,SKU-0000094,Veritatis,Electronics,Audio,9.3574,AUD,False,2022-05-13,
95,SKU-0000095,Nam,Home,Bedding,9.0607,AUD,False,2023-07-03,
96,SKU-0000096,Eius,Toys,Outdoor,5.3028,AUD,False,2023-12-28,
97,SKU-0000097,Nostrum,Electronics,Phones,12.7823,AUD,False,2021-08-03,
98,SKU-0000098,Iusto,Beauty,Makeup,12.5601,AUD,False,2023-12-15,
99,SKU-0000099,Neque,Home,Kitchen,11.0514,AUD,False,2021-09-12,
100,SKU-0000100,Quos,Toys,STEM,9.8032,AUD,False,2022-02-25,
101,SKU-0000101,Perferendis,Home,Kitchen,5.432,AUD,False,2023-01-06,
102,SKU-0000102,At,Electronics,Computers,8.9323,AUD,False,2024-03-15,
103,SKU-0000103,Quam,Home,Bath,9.2873,AUD,False,2024-01-16,
104,SKU-0000104,Sit,Home,Bath,7.3806,AUD,False,2023-01-13,
105,SKU-0000105,Temporibus,Toys,Board,10.1691,AUD,False,2021-11-24,2022-12-15
106,SKU-0000106,Atque,Electronics,TV,13.491,AUD,False,2022-06-02,
107,SKU-0000107,Asperiores,Home,Bath,28.3065,AUD,False,2023-12-18,
108,SKU-0000108,Consequatur,Home,Kitchen,12.0286,AUD,False,2023-09-24,
109,SKU-0000109,Quos,Grocery,Snacks,12.5381,AUD,True,2022-12-09,
110,SKU-0000110,Ullam,Grocery,Pantry,10.6204,AUD,False,2021-12-22,2022-10-24
111,SKU-0000111,Eaque,Beauty,Skin,4.2233,AUD,False,2022-12-29,
112,SKU-0000112,Tenetur,Toys,STEM,10.878,AUD,False,2023-12-11,2025-04-23
113,SKU-0000113,Tempore,Grocery,Pantry,11.3602,AUD,False,2023-04-02,
114,SKU-0000114,Temporibus,Grocery,Pantry,37.774,AUD,False,2024-01-12,
115,SKU-0000115,Perspiciatis,Toys,Outdoor,10.0124,AUD,False,2022-01-13,2023-04-25
116,SKU-0000116,Praesentium,Toys,Outdoor,12.817,AUD,False,2023-09-15,
117,SKU-0000117,Iste,Electronics,TV,10.8335,AUD,False,2023-12-24,
118,SKU-0000118,Nemo,Toys,STEM,6.1451,AUD,False,2021-05-24,
119,SKU-0000119,Iure,Clothing,Women,19.5195,AUD,False,2023-12-15,
120,SKU-0000120,Saepe,Electronics,Computers,16.0541,AUD,True,2024-04-02,
121,SKU-0000121,Earum,Electronics,Phones,16.3711,AUD,False,2021-01-06,
122,SKU-0000122,Doloribus,Beauty,Hair,6.9958,AUD,True,2023-09-17,
123,SKU-0000123,Soluta,Home,Bath,22.229,AUD,False,2023-11-11,
124,SKU-0000124,Error,Toys,Board,5.4689,AUD,False,2023-07-08,
125,SKU-0000125,Sapiente,Beauty,Skin,14.7823,AUD,False,2022-03-05,
126,SKU-0000126,Error,Toys,Board,32.9578,AUD,False,2023-01-11,
127,SKU-0000127,Aperiam,Clothing,Kids,6.7176,AUD,False,2023-02-08,
128,SKU-0000128,Perspiciatis,Grocery,Snacks,8.3049,AUD,False,2024-04-11,
129,SKU-0000129,Excepturi,Electronics,Audio,11.5863,AUD,False,2021-02-19,
130,SKU-0000130,Laboriosam,Grocery,Beverages,8.57,AUD,False,2023-11-02,2025-12-18
131,SKU-0000131,Magni,Toys,Outdoor,5.0767,AUD,False,2022-08-10,
132,SKU-0000132,Molestias,Clothing,Men,11.4076,AUD,False,2023-08-10,
133,SKU-0000133,Error,Clothing,Women,6.4808,AUD,False,2023-01-18,
134,SKU-0000134,Molestiae,Grocery,Beverages,13.9684,AUD,False,2023-04-23,
135,SKU-0000135,Asperiores,Electronics,Audio,6.9608,AUD,False,2024-01-14,
136,SKU-0000136,Debitis,Electronics,Audio,23.926,AUD,False,2021-10-09,
137,SKU-0000137,Magnam,Electronics,TV,7.4512,AUD,False,2022-04-19,
138,SKU-0000138,Perspiciatis,Clothing,Women,9.3837,AUD,False,2022-12-18,
139,SKU-0000139,Aliquid,Grocery,Snacks,16.5562,AUD,True,2022-09-13,
140,SKU-0000140,Itaque,Electronics,TV,5.957,AUD,True,2022-03-18,
141,SKU-0000141,Consectetur,Grocery,Pantry,12.3509,AUD,False,2023-09-05,
142,SKU-0000142,Dolore,Electronics,Computers,21.1909,AUD,False,2023-09-04,
143,SKU-0000143,Similique,Clothing,Kids,4.9345,AUD,False,2022-11-21,
144,SKU-0000144,Cupiditate,Electronics,Phones,12.0893,AUD,False,2021-12-22,
145,SKU-0000145,Mollitia,Home,Kitchen,12.5528,AUD,False,2021-12-27,
146,SKU-0000146,A,Home,Kitchen,16.2959,AUD,False,2023-02-24,
147,SKU-0000147,Quod,Electronics,Phones,5.9389,AUD,False,2021-08-06,
148,SKU-0000148,Voluptatem,Grocery,Pantry,5.696,AUD,False,2023-09-19,
149,SKU-0000149,Perferendis,Beauty,Hair,14.3102,AUD,False,2024-03-11,
150,SKU-0000150,Ex,Grocery,Beverages,12.7878,AUD,False,2024-02-07,
151,SKU-0000151,Tempore,Home,Kitchen,12.494,AUD,False,2024-01-06,
152,SKU-0000152,Molestias,Grocery,Beverages,13.108,AUD,False,2022-02-22,
153,SKU-0000153,Itaque,Electronics,Audio,7.8459,AUD,True,2023-12-04,
154,SKU-0000154,Eos,Electronics,TV,12.3806,AUD,False,2022-06-25,
155,SKU-0000155,Odit,Grocery,Pantry,12.7628,AUD,False,2021-11-21,
156,SKU-0000156,Maxime,Home,Bath,7.7124,AUD,False,2021-02-01,
157,SKU-0000157,Nihil,Toys,Outdoor,28.0191,AUD,True,2022-12-24,
158,SKU-0000158,Ut,Clothing,Kids,13.9701,AUD,False,2021-03-18,
159,SKU-0000159,Minima,Toys,Board,6.076,AUD,False,2022-05-19,2023-10-18
160,SKU-0000160,Nemo,Toys,STEM,15.3065,AUD,False,2021-12-12,
161,SKU-0000161,Autem,Home,Bath,6.7711,AUD,False,2022-05-09,
162,SKU-0000162,Provident,Beauty,Makeup,16.3388,AUD,False,2023-12-05,
163,SKU-0000163,Pariatur,Toys,STEM,19.674,AUD,True,2021-04-17,
164,SKU-0000164,Nobis,Grocery,Snacks,7.313,AUD,False,2024-01-16,
165,SKU-0000165,Odit,Grocery,Beverages,17.8444,AUD,False,2022-08-23,
166,SKU-0000166,Nam,Toys,Board,13.5501,AUD,False,2021-07-01,
167,SKU-0000167,Et,Toys,Board,16.627,AUD,False,2021-04-29,
168,SKU-0000168,Natus,Grocery,Beverages,28.4571,AUD,False,2022-06-17,
169,SKU-0000169,Quo,Electronics,TV,9.7504,AUD,False,2023-10-20,
170,SKU-0000170,Ad,Clothing,Men,7.562,AUD,False,2023-11-25,
171,SKU-0000171,Iusto,Beauty,Makeup,7.0656,AUD,False,2021-07-22,
172,SKU-0000172,Est,Clothing,Kids,7.3309,AUD,True,2021-05-19,
173,SKU-0000173,Tempora,Toys,Outdoor,10.6063,AUD,False,2021-04-23,
174,SKU-0000174,Non,Beauty,Makeup,13.0734,AUD,False,2021-05-23,
175,SKU-0000175,Consequuntur,Home,Bath,12.6587,AUD,False,2023-09-12,
176,SKU-0000176,Accusantium,Clothing,Women,16.6697,AUD,False,2022-07-07,
177,SKU-0000177,Repudiandae,Clothing,Men,11.0951,AUD,True,2023-09-28,
178,SKU-0000178,Similique,Electronics,Phones,22.8001,AUD,False,2023-11-15,
179,SKU-0000179,Dolore,Clothing,Kids,9.6569,AUD,False,2023-05-30,
180,SKU-0000180,Nisi,Clothing,Women,42.9521,AUD,False,2022-06-13,
181,SKU-0000181,Impedit,Clothing,Women,15.0719,AUD,False,2021-07-04,
182,SKU-0000182,Ex,Beauty,Hair,7.1809,AUD,False,2023-07-20,
183,SKU-0000183,Aperiam,Home,Kitchen,6.4531,AUD,False,2023-07-19,
184,SKU-0000184,Nulla,Grocery,Pantry,14.0305,AUD,False,2021-09-10,
185,SKU-0000185,Impedit,Beauty,Skin,9.8579,AUD,False,2022-05-29,
186,SKU-0000186,Aut,Home,Bath,15.7525,AUD,True,2022-06-08,
187,SKU-0000187,Ut,Home,Bath,13.9659,AUD,False,2022-06-04,
188,SKU-0000188,Quibusdam,Clothing,Women,10.629,AUD,False,2023-12-06,
189,SKU-0000189,Optio,Home,Kitchen,7.2182,AUD,False,2023-03-15,
190,SKU-0000190,Hic,Clothing,Men,5.1685,AUD,False,2021-04-03,
191,SKU-0000191,Fuga,Beauty,Makeup,8.8175,AUD,False,2023-07-20,
192,SKU-0000192,Quas,Clothing,Men,16.915,AUD,False,2022-07-19,
193,SKU-0000193,Error,Electronics,Computers,12.2686,AUD,True,2021-10-12,2023-01-08
194,SKU-0000194,Inventore,Grocery,Snacks,5.9129,AUD,False,2022-04-05,
195,SKU-0000195,Molestiae,Home,Kitchen,12.0202,AUD,True,2022-04-28,
196,SKU-0000196,Fuga,Clothing,Men,13.3653,AUD,False,2022-05-09,
197,SKU-0000197,Deserunt,Clothing,Kids,7.0856,AUD,False,2023-10-23,
198,SKU-0000198,Aliquid,Electronics,TV,11.9039,AUD,False,2023-11-11,
199,SKU-0000199,Ipsa,Toys,STEM,11.3487,AUD,False,2023-03-13,
200,SKU-0000200,Dolorem,Electronics,Computers,6.2246,AUD,False,2022-10-24,
201,SKU-0000201,Excepturi,Home,Bedding,13.1825,AUD,False,2023-07-08,
202,SKU-0000202,Mollitia,Electronics,Phones,14.5908,AUD,False,2023-06-13,
203,SKU-0000203,Nulla,Grocery,Beverages,18.9447,AUD,False,2021-05-16,
204,SKU-0000204,Doloremque,Electronics,Phones,18.6697,AUD,False,2021-01-02,
205,SKU-0000205,Rerum,Beauty,Skin,5.5354,AUD,True,2023-02-04,
206,SKU-0000206,Numquam,Home,Bedding,6.897,AUD,False,2022-06-21,2023-03-04
207,SKU-0000207,Debitis,Home,Bedding,14.2608,AUD,False,2021-06-09,
208,SKU-0000208,Repellat,Electronics,Phones,14.2519,AUD,False,2021-07-19,
209,SKU-0000209,Quod,Beauty,Makeup,14.2609,AUD,True,2022-01-16,
210,SKU-0000210,Similique,Electronics,Phones,75.6688,AUD,False,2021-10-30,
211,SKU-0000211,Dolores,Grocery,Beverages,14.6647,AUD,False,2023-10-29,
212,SKU-0000212,Quos,Home,Bath,19.4488,AUD,False,2021-02-25,2023-04-28
213,SKU-0000213,Iure,Grocery,Pantry,17.7609,AUD,False,2022-09-15,
214,SKU-0000214,Soluta,Beauty,Skin,15.267,AUD,False,2021-04-06,
215,SKU-0000215,Perspiciatis,Toys,STEM,9.4156,AUD,False,2021-01-13,2023-02-01
216,SKU-0000216,Excepturi,Beauty,Hair,16.1107,AUD,False,2023-07-14,
217,SKU-0000217,Saepe,Grocery,Beverages,7.4901,AUD,False,2023-01-10,
218,SKU-0000218,Itaque,Electronics,Computers,9.7922,AUD,False,2023-02-23,
219,SKU-0000219,Nam,Grocery,Beverages,8.6479,AUD,True,2022-04-13,
220,SKU-0000220,Nihil,Home,Bath,11.4838,AUD,False,2024-01-31,
221,SKU-0000221,Culpa,Electronics,TV,35.0694,AUD,False,2023-10-22,
222,SKU-0000222,Saepe,Beauty,Makeup,4.3335,AUD,False,2021-03-21,
223,SKU-0000223,Accusamus,Toys,STEM,15.5355,AUD,False,2023-10-01,
224,SKU-0000224,In,Toys,STEM,4.9216,AUD,False,2023-07-10,
225,SKU-0000225,Tempore,Home,Bedding,8.7062,AUD,False,2022-05-31,2023-06-09
226,SKU-0000226,Quia,Clothing,Men,19.0007,AUD,True,2021-05-21,
227,SKU-0000227,Molestiae,Clothing,Kids,11.3832,AUD,False,2022-10-30,
228,SKU-0000228,Repellat,Electronics,TV,6.431,AUD,False,2024-03-10,
229,SKU-0000229,Laboriosam,Electronics,Phones,7.7087,AUD,False,2022-02-10,
230,SKU-0000230,Eaque,Home,Kitchen,15.4839,AUD,True,2021-07-15,
231,SKU-0000231,Porro,Home,Kitchen,7.6508,AUD,False,2022-07-18,
232,SKU-0000232,Soluta,Grocery,Pantry,12.2832,AUD,False,2022-05-24,
233,SKU-0000233,Quo,Beauty,Hair,11.2772,AUD,False,2022-02-18,
234,SKU-0000234,Non,Electronics,Audio,7.9582,AUD,False,2021-05-11,
235,SKU-0000235,Iste,Grocery,Snacks,32.2002,AUD,False,2023-02-28,
236,SKU-0000236,Distinctio,Home,Bedding,15.1342,AUD,False,2021-10-15,
237,SKU-0000237,Adipisci,Clothing,Men,4.0045,AUD,False,2021-03-08,
238,SKU-0000238,Quos,Clothing,Women,12.1003,AUD,False,2022-09-08,
239,SKU-0000239,Maxime,Toys,STEM,7.9177,AUD,False,2023-11-21,
240,SKU-0000240,Autem,Grocery,Beverages,16.8815,AUD,False,2023-01-14,
241,SKU-0000241,Quasi,Grocery,Snacks,7.4167,AUD,False,2023-01-04,
242,SKU-0000242,Maxime,Home,Bath,10.4086,AUD,False,2021-03-07,
243,SKU-0000243,Ipsam,Grocery,Pantry,14.1894,AUD,False,2024-02-14,
244,SKU-0000244,Praesentium,Beauty,Skin,16.9943,AUD,False,2022-12-15,
245,SKU-0000245,Asperiores,Home,Bedding,6.0488,AUD,False,2021-09-14,
246,SKU-0000246,Commodi,Toys,STEM,9.3255,AUD,False,2022-07-01,
247,SKU-0000247,Vero,Grocery,Beverages,8.6931,AUD,False,2022-03-29,
248,SKU-0000248,Nemo,Clothing,Men,7.9513,AUD,True,2023-08-14,2024-11-26
249,SKU-0000249,Ab,Beauty,Makeup,26.6483,AUD,False,2023-09-03,
250,SKU-0000250,Sint,Grocery,Snacks,13.4973,AUD,False,2023-01-06,
251,SKU-0000251,Eligendi,Clothing,Kids,5.8683,AUD,True,2023-03-16,
252,SKU-0000252,Totam,Electronics,Audio,17.4429,AUD,False,2022-08-08,
253,SKU-0000253,Vel,Electronics,TV,31.8513,AUD,False,2022-06-20,
254,SKU-0000254,Cum,Electronics,Computers,18.4716,AUD,False,2022-05-07,
255,SKU-0000255,Nihil,Home,Bath,5.1568,AUD,False,2021-01-19,
256,SKU-0000256,Vel,Clothing,Kids,8.6528,AUD,False,2024-02-25,
257,SKU-0000257,Natus,Grocery,Beverages,20.7689,AUD,True,2023-03-23,
258,SKU-0000258,Illum,Home,Bedding,7.7382,AUD,False,2021-05-04,2023-03-08
259,SKU-0000259,Aperiam,Electronics,Audio,13.762,AUD,False,2022-09-01,
260,SKU-0000260,Fuga,Home,Bedding,16.2374,AUD,False,2022-12-27,
261,SKU-0000261,Maiores,Home,Kitchen,6.9347,AUD,False,2022-05-19,2023-09-16
262,SKU-0000262,Modi,Home,Kitchen,10.6999,AUD,False,2021-08-20,
263,SKU-0000263,Voluptatum,Beauty,Hair,2.1801,AUD,False,2023-04-02,
264,SKU-0000264,Magni,Beauty,Skin,6.6049,AUD,False,2023-11-16,
265,SKU-0000265,Molestiae,Beauty,Makeup,9.7154,AUD,False,2023-07-05,
266,SKU-0000266,Libero,Home,Bedding,5.9068,AUD,False,2023-02-14,
267,SKU-0000267,Sit,Beauty,Makeup,24.9333,AUD,False,2022-12-25,
268,SKU-0000268,Velit,Clothing,Men,5.3921,AUD,False,2024-03-23,
269,SKU-0000269,Animi,Grocery,Beverages,8.8461,AUD,False,2021-11-16,
270,SKU-0000270,Consectetur,Grocery,Beverages,11.7678,AUD,False,2023-06-24,
271,SKU-0000271,Minima,Clothing,Women,22.6608,AUD,False,2023-01-19,2025-03-14
272,SKU-0000272,Assumenda,Toys,Board,5.3767,AUD,False,2021-02-18,
273,SKU-0000273,Ea,Electronics,Phones,19.719,AUD,False,2022-04-07,
274,SKU-0000274,Sit,Grocery,Beverages,11.0797,AUD,False,2023-05-30,
275,SKU-0000275,Libero,Beauty,Hair,6.748,AUD,False,2023-02-15,
276,SKU-0000276,Architecto,Home,Bedding,13.8884,AUD,False,2022-01-20,
277,SKU-0000277,Vitae,Clothing,Kids,12.1768,AUD,False,2022-08-21,
278,SKU-0000278,Esse,Toys,STEM,8.1653,AUD,False,2022-01-12,
279,SKU-0000279,Rerum,Home,Kitchen,11.4147,AUD,False,2024-02-11,
280,SKU-0000280,Dicta,Home,Kitchen,9.0915,AUD,False,2021-06-18,
281,SKU-0000281,Quisquam,Grocery,Snacks,11.6669,AUD,False,2024-03-21,
282,SKU-0000282,Velit,Beauty,Skin,15.3492,AUD,False,2022-03-16,
283,SKU-0000283,Dolorem,Beauty,Skin,24.3616,AUD,False,2023-12-07,
284,SKU-0000284,Ratione,Toys,Outdoor,5.9363,AUD,False,2022-08-03,
285,SKU-0000285,Porro,Clothing,Kids,32.025,AUD,False,2023-03-19,
286,SKU-0000286,Rerum,Toys,Outdoor,4.1535,AUD,False,2023-06-03,
287,SKU-0000287,Optio,Electronics,Phones,10.2176,AUD,False,2021-09-08,
288,SKU-0000288,Reiciendis,Grocery,Snacks,14.7931,AUD,False,2022-10-01,
289,SKU-0000289,Totam,Grocery,Beverages,12.686,AUD,False,2022-12-14,
290,SKU-0000290,Dolores,Beauty,Hair,8.074,AUD,False,2023-10-12,
291,SKU-0000291,Dicta,Clothing,Women,9.9338,AUD,False,2021-10-19,
292,SKU-0000292,Molestias,Beauty,Skin,8.615,AUD,False,2023-08-24,
293,SKU-0000293,Saepe,Grocery,Snacks,8.2097,AUD,False,2023-03-08,
294,SKU-0000294,Quia,Toys,Board,16.8576,AUD,False,2022-02-08,
295,SKU-0000295,Necessitatibus,Home,Bath,13.1775,AUD,False,2023-01-23,
296,SKU-0000296,Tempora,Grocery,Beverages,7.7955,AUD,False,2023-10-20,
297,SKU-0000297,Quod,Toys,Board,17.2843,AUD,False,2023-12-20,
298,SKU-0000298,Voluptas,Toys,STEM,12.8539,AUD,False,2022-02-01,2022-08-29
299,SKU-0000299,Alias,Beauty,Hair,16.5507,AUD,False,2024-01-09,
300,SKU-0000300,Quis,Home,Bedding,15.1018,AUD,True,2023-07-28,
301,SKU-0000301,Dolores,Grocery,Beverages,7.2827,AUD,True,2021-10-10,
302,SKU-0000302,Sapiente,Electronics,Computers,8.3304,AUD,False,2023-09-01,2024-06-14
303,SKU-0000303,Atque,Beauty,Skin,16.0169,AUD,False,2021-01-08,
304,SKU-0000304,Nam,Beauty,Hair,14.9571,AUD,False,2023-01-30,
305,SKU-0000305,Quaerat,Beauty,Makeup,,AUD,True,2021-07-14,
306,SKU-0000306,Ad,Toys,Outdoor,10.9086,AUD,False,2024-01-01,
307,SKU-0000307,Corrupti,Beauty,Makeup,11.6892,AUD,False,2023-12-26,
308,SKU-0000308,Molestiae,Home,Kitchen,20.8808,AUD,False,2021-07-21,
309,SKU-0000309,Voluptatibus,Clothing,Kids,8.2007,AUD,False,2023-02-15,
310,SKU-0000310,Laboriosam,Clothing,Kids,14.4913,AUD,False,2021-03-07,
311,SKU-0000311,Aperiam,Electronics,Phones,9.9633,AUD,False,2021-09-24,
312,SKU-0000312,At,Beauty,Hair,9.8864,AUD,False,2022-12-08,
313,SKU-0000313,Nobis,Electronics,Phones,19.0943,AUD,False,2021-11-20,
314,SKU-0000314,Fugit,Beauty,Makeup,16.655,AUD,False,2022-08-21,
315,SKU-0000315,Ut,Clothing,Men,16.5561,AUD,False,2022-08-03,
316,SKU-0000316,Quisquam,Toys,STEM,21.1733,AUD,False,2023-04-01,
317,SKU-0000317,Ea,Beauty,Makeup,11.1396,AUD,False,2022-03-16,
318,SKU-0000318,Magnam,Grocery,Beverages,15.5021,AUD,True,2022-06-29,
319,SKU-0000319,Nobis,Toys,Outdoor,9.4392,AUD,False,2023-12-31,2024-06-20
320,SKU-0000320,Ex,Electronics,Audio,12.9628,AUD,False,2023-07-27,
321,SKU-0000321,Atque,Electronics,TV,10.3287,AUD,False,2022-01-21,
322,SKU-0000322,Magnam,Beauty,Skin,11.571,AUD,False,2024-03-06,
323,SKU-0000323,Harum,Clothing,Women,14.8437,AUD,False,2021-08-29,
324,SKU-0000324,Et,Electronics,Audio,7.322,AUD,False,2023-11-04,
325,SKU-0000325,Libero,Beauty,Hair,31.3807,AUD,False,2021-10-28,
326,SKU-0000326,Explicabo,Toys,Board,6.6658,AUD,False,2024-03-01,
327,SKU-0000327,Possimus,Home,Bedding,6.0069,AUD,False,2024-03-05,
328,SKU-0000328,Culpa,Electronics,Computers,19.6692,AUD,True,2021-06-10,
329,SKU-0000329,Ipsam,Grocery,Snacks,16.3762,AUD,False,2021-10-21,
330,SKU-0000330,Eligendi,Electronics,Phones,15.0603,AUD,False,2023-04-26,
331,SKU-0000331,Alias,Electronics,TV,15.0921,AUD,False,2024-03-20,
332,SKU-0000332,Distinctio,Clothing,Kids,10.9559,AUD,False,2021-01-18,2021-04-03
333,SKU-0000333,Suscipit,Toys,STEM,7.0383,AUD,False,2021-05-24,2022-03-19
334,SKU-0000334,Dolorem,Home,Kitchen,11.449,AUD,False,2022-06-28,
335,SKU-0000335,Similique,Grocery,Beverages,7.8571,AUD,False,2022-07-04,
336,SKU-0000336,Recusandae,Electronics,Phones,17.9495,AUD,False,2022-03-14,
337,SKU-0000337,Quos,Toys,STEM,10.2417,AUD,False,2021-03-21,
338,SKU-0000338,Fugit,Grocery,Snacks,7.2955,AUD,True,2021-10-16,
339,SKU-0000339,Commodi,Clothing,Men,9.3868,AUD,False,2024-04-03,
340,SKU-0000340,Suscipit,Clothing,Kids,13.5511,AUD,False,2021-11-24,
341,SKU-0000341,Eligendi,Beauty,Makeup,8.3156,AUD,False,2021-05-23,
342,SKU-0000342,Explicabo,Grocery,Pantry,7.3074,AUD,False,2023-06-27,
343,SKU-0000343,Eum,Grocery,Snacks,12.4515,AUD,False,2023-01-15,
344,SKU-0000344,A,Grocery,Pantry,12.4595,AUD,False,2021-10-08,
345,SKU-0000345,Tempora,Beauty,Makeup,8.5551,AUD,False,2021-06-27,
346,SKU-0000346,Minus,Toys,STEM,8.7101,AUD,False,2023-01-27,
347,SKU-0000347,Qui,Grocery,Beverages,12.3793,AUD,False,2022-07-14,
348,SKU-0000348,Magni,Grocery,Pantry,5.3439,AUD,False,2021-09-15,
349,SKU-0000349,Dolor,Beauty,Hair,5.4536,AUD,False,2022-08-02,
350,SKU-0000350,Libero,Home,Bedding,7.6966,AUD,False,2021-06-11,2023-06-08
351,SKU-0000351,Accusantium,Electronics,Phones,9.9073,AUD,False,2023-03-18,
352,SKU-0000352,Temporibus,Electronics,Audio,12.8771,AUD,False,2022-06-22,
353,SKU-0000353,Ut,Grocery,Snacks,23.0503,AUD,False,2024-03-11,
354,SKU-0000354,Vero,Home,Kitchen,16.9256,AUD,False,2023-12-06,
355,SKU-0000355,Dolore,Grocery,Pantry,10.176,AUD,False,2023-09-29,
356,SKU-0000356,Placeat,Toys,Outdoor,10.9189,AUD,False,2022-11-27,
357,SKU-0000357,Suscipit,Home,Bath,6.6774,AUD,False,2023-07-04,
358,SKU-0000358,Corporis,Grocery,Pantry,10.9216,AUD,False,2021-11-07,
359,SKU-0000359,Maxime,Home,Bath,9.5417,AUD,False,2024-03-24,
360,SKU-0000360,Hic,Grocery,Beverages,12.9534,AUD,False,2024-01-18,
361,SKU-0000361,Molestiae,Home,Bath,7.2891,AUD,False,2022-01-26,2023-10-10
362,SKU-0000362,Dignissimos,Electronics,TV,14.2916,AUD,False,2021-04-02,
363,SKU-0000363,Quaerat,Electronics,Computers,23.7212,AUD,False,2022-03-23,
364,SKU-0000364,Vero,Beauty,Makeup,10.4397,AUD,False,2022-02-27,
365,SKU-0000365,Aliquid,Grocery,Beverages,13.4753,AUD,False,2021-02-09,
366,SKU-0000366,Sequi,Toys,Outdoor,15.5657,AUD,False,2023-09-21,
367,SKU-0000367,Odit,Beauty,Hair,9.0195,AUD,False,2022-10-25,2024-03-23
368,SKU-0000368,Ex,Grocery,Snacks,12.3301,AUD,False,2021-08-29,
369,SKU-0000369,Nisi,Toys,Outdoor,11.0928,AUD,False,2021-08-09,
370,SKU-0000370,Magnam,Toys,STEM,11.5749,AUD,False,2023-01-18,
371,SKU-0000371,Quibusdam,Grocery,Beverages,7.4894,AUD,False,2023-05-20,
372,SKU-0000372,Aliquam,Electronics,Phones,11.1591,AUD,False,2022-02-16,
373,SKU-0000373,Quae,Grocery,Beverages,14.1399,AUD,False,2023-09-04,
374,SKU-0000374,Cupiditate,Toys,STEM,22.7729,AUD,False,2023-07-31,
375,SKU-0000375,Eveniet,Clothing,Women,17.8078,AUD,False,2022-12-25,
376,SKU-0000376,Dolorum,Clothing,Kids,32.3493,AUD,False,2021-04-02,
377,SKU-0000377,Eaque,Toys,STEM,7.5107,AUD,False,2022-05-28,2024-06-19
378,SKU-0000378,Ducimus,Electronics,TV,17.0502,AUD,False,2024-02-26,
379,SKU-0000379,Tempore,Toys,Board,12.0814,AUD,False,2023-08-01,
380,SKU-0000380,Doloremque,Toys,STEM,32.947,AUD,False,2021-06-12,
381,SKU-0000381,A,Clothing,Women,7.3585,AUD,False,2023-05-25,2024-05-13
382,SKU-0000382,Consequatur,Electronics,TV,7.2438,AUD,False,2023-05-07,
383,SKU-0000383,Magnam,Grocery,Snacks,8.1687,AUD,False,2023-11-02,
384,SKU-0000384,Praesentium,Clothing,Men,3.8116,AUD,False,2023-04-15,2024-09-05
385,SKU-0000385,Eos,Home,Bedding,8.475,AUD,False,2024-03-22,
386,SKU-0000386,Possimus,Toys,Board,7.5416,AUD,False,2022-01-31,
387,SKU-0000387,Cum,Home,Bath,11.884,AUD,False,2022-04-22,
388,SKU-0000388,Reprehenderit,Clothing,Men,13.0773,AUD,False,2022-12-09,
389,SKU-0000389,Veniam,Toys,Outdoor,28.1652,AUD,False,2022-02-24,
390,SKU-0000390,Illum,Toys,STEM,17.7292,AUD,False,2024-01-06,2026-03-08
391,SKU-0000391,Delectus,Toys,Outdoor,8.261,AUD,False,2022-12-16,
392,SKU-0000392,Libero,Home,Bath,7.0343,AUD,False,2021-05-15,
393,SKU-0000393,Esse,Grocery,Beverages,14.097,AUD,False,2022-01-15,
394,SKU-0000394,Aliquam,Electronics,TV,5.6967,AUD,False,2022-07-27,
395,SKU-0000395,Aperiam,Electronics,TV,27.5425,AUD,False,2022-09-22,
396,SKU-0000396,Ipsam,Beauty,Hair,19.8801,AUD,False,2022-06-08,2023-12-03
397,SKU-0000397,Aperiam,Clothing,Men,8.7182,AUD,False,2021-05-28,
398,SKU-0000398,Quam,Beauty,Hair,4.6806,AUD,False,2023-05-04,2024-12-02
399,SKU-0000399,Sequi,Beauty,Hair,21.6918,AUD,True,2023-01-11,
400,SKU-0000400,Voluptatum,Grocery,Snacks,10.4096,AUD,False,2022-07-30,
401,SKU-0000401,Beatae,Toys,Board,20.4689,AUD,False,2023-01-19,
402,SKU-0000402,Quasi,Grocery,Beverages,4.9669,AUD,False,2021-11-26,
403,SKU-0000403,Deserunt,Clothing,Women,8.1687,AUD,False,2023-09-16,
404,SKU-0000404,Eum,Toys,Outdoor,11.0521,AUD,False,2021-04-13,
405,SKU-0000405,Enim,Electronics,Audio,11.2852,AUD,False,2023-03-26,2023-06-28
406,SKU-0000406,At,Beauty,Skin,8.8019,AUD,False,2021-06-08,
407,SKU-0000407,Voluptates,Home,Kitchen,15.0507,AUD,True,2021-09-26,
408,SKU-0000408,Nulla,Beauty,Skin,6.4636,AUD,False,2021-12-14,
409,SKU-0000409,Sunt,Toys,Outdoor,10.2657,AUD,True,2023-08-21,
410,SKU-0000410,Dignissimos,Clothing,Men,11.7065,AUD,False,2021-07-22,
411,SKU-0000411,Expedita,Electronics,TV,14.2566,AUD,False,2021-08-08,
412,SKU-0000412,Qui,Beauty,Skin,15.7337,AUD,False,2023-06-03,
413,SKU-0000413,Consequuntur,Toys,Outdoor,6.2819,AUD,False,2022-04-29,
414,SKU-0000414,Quae,Beauty,Makeup,5.1189,AUD,False,2021-12-17,
415,SKU-0000415,Veniam,Home,Bath,20.881,AUD,False,2021-08-05,
416,SKU-0000416,Doloremque,Beauty,Makeup,13.0157,AUD,False,2022-10-25,
417,SKU-0000417,Neque,Clothing,Kids,7.5818,AUD,True,2022-04-17,
418,SKU-0000418,Et,Toys,Board,23.9406,AUD,False,2023-02-28,
419,SKU-0000419,Delectus,Toys,Board,11.6795,AUD,False,2021-07-06,
420,SKU-0000420,Veniam,Grocery,Pantry,19.8787,AUD,False,2022-11-07,
421,SKU-0000421,Beatae,Electronics,Phones,11.4017,AUD,False,2022-07-18,
422,SKU-0000422,Modi,Electronics,Phones,30.8882,AUD,False,2023-03-09,
423,SKU-0000423,Magni,Grocery,Snacks,26.5139,AUD,False,2023-05-27,
424,SKU-0000424,Vel,Grocery,Beverages,9.733,AUD,False,2021-01-28,
425,SKU-0000425,Iste,Beauty,Skin,,AUD,False,2021-05-19,
426,SKU-0000426,Eligendi,Beauty,Makeup,17.9176,AUD,False,2023-12-08,
427,SKU-0000427,Iusto,Electronics,Phones,15.2212,AUD,False,2021-09-29,
428,SKU-0000428,Reiciendis,Toys,Board,21.8525,AUD,False,2021-07-18,
429,SKU-0000429,Molestias,Clothing,Kids,6.8042,AUD,False,2021-01-26,
430,SKU-0000430,Enim,Clothing,Kids,15.5339,AUD,False,2022-05-12,
431,SKU-0000431,Hic,Electronics,Computers,18.7129,AUD,False,2023-09-26,
432,SKU-0000432,Repellendus,Electronics,TV,4.5751,AUD,False,2022-06-15,
433,SKU-0000433,Reprehenderit,Toys,Board,6.1005,AUD,False,2023-03-02,
434,SKU-0000434,At,Toys,Outdoor,3.9764,AUD,False,2024-01-05,
435,SKU-0000435,Repudiandae,Home,Bath,9.634,AUD,False,2022-05-25,
436,SKU-0000436,Dolore,Beauty,Makeup,15.7804,AUD,False,2022-12-16,
437,SKU-0000437,Nostrum,Beauty,Hair,23.3636,AUD,False,2023-05-17,
438,SKU-0000438,Minus,Electronics,Computers,11.4392,AUD,False,2023-12-28,
439,SKU-0000439,Possimus,Toys,Board,24.8861,AUD,False,2022-06-17,
440,SKU-0000440,Voluptas,Home,Bedding,5.5287,AUD,False,2022-01-24,
441,SKU-0000441,Occaecati,Home,Kitchen,4.7035,AUD,False,2022-12-11,
442,SKU-0000442,Consectetur,Electronics,Audio,10.7212,AUD,True,2021-03-28,
443,SKU-0000443,Tempore,Grocery,Pantry,13.3569,AUD,False,2022-06-20,
444,SKU-0000444,Aut,Home,Bath,10.8444,AUD,False,2022-11-12,
445,SKU-0000445,Sed,Grocery,Pantry,3.9207,AUD,False,2023-03-31,
446,SKU-0000446,Nulla,Toys,Outdoor,10.5428,AUD,False,2022-01-30,
447,SKU-0000447,Voluptatem,Toys,STEM,5.7418,AUD,False,2021-07-23,
448,SKU-0000448,Dicta,Grocery,Snacks,15.4072,AUD,False,2022-08-27,
449,SKU-0000449,Fugit,Clothing,Men,13.2407,AUD,False,2023-02-17,2024-11-28
450,SKU-0000450,Vero,Home,Bedding,6.8899,AUD,False,2022-06-30,
451,SKU-0000451,Aliquam,Clothing,Men,8.5255,AUD,False,2022-09-19,
452,SKU-0000452,Distinctio,Beauty,Makeup,6.4908,AUD,False,2021-08-20,
453,SKU-0000453,Officiis,Toys,Board,10.6831,AUD,False,2021-02-26,
454,SKU-0000454,Nihil,Clothing,Men,17.7711,AUD,False,2022-07-20,
455,SKU-0000455,Ratione,Electronics,Audio,6.7338,AUD,False,2022-08-13,
456,SKU-0000456,Nobis,Toys,Board,14.1827,AUD,False,2022-12-11,
457,SKU-0000457,Molestias,Grocery,Beverages,8.456,AUD,False,2021-03-02,2021-12-06
458,SKU-0000458,Similique,Clothing,Kids,7.4154,AUD,True,2022-03-29,
459,SKU-0000459,Quas,Grocery,Beverages,10.4488,AUD,False,2023-06-09,2024-07-30
460,SKU-0000460,Quidem,Toys,Board,6.5691,AUD,False,2021-12-02,
461,SKU-0000461,Sapiente,Electronics,Phones,8.3576,AUD,False,2022-05-22,
462,SKU-0000462,Odit,Clothing,Women,6.0561,AUD,True,2023-12-30,
463,SKU-0000463,Facere,Grocery,Beverages,29.4402,AUD,False,2021-07-11,
464,SKU-0000464,Recusandae,Electronics,Computers,11.2193,AUD,False,2021-02-23,
465,SKU-0000465,Quidem,Grocery,Pantry,7.769,AUD,False,2021-02-22,
466,SKU-0000466,Est,Toys,STEM,12.2679,AUD,False,2021-05-18,
467,SKU-0000467,Aut,Home,Bath,10.4211,AUD,False,2023-03-11,
468,SKU-0000468,Doloribus,Electronics,TV,9.8702,AUD,False,2022-04-10,
469,SKU-0000469,Fugiat,Clothing,Women,14.9855,AUD,False,2023-01-03,
470,SKU-0000470,Unde,Home,Bath,16.0989,AUD,False,2021-10-26,
471,SKU-0000471,Porro,Electronics,TV,8.4549,AUD,True,2021-11-27,
472,SKU-0000472,Totam,Electronics,Audio,8.2655,AUD,False,2023-08-29,
473,SKU-0000473,Quas,Grocery,Snacks,9.6068,AUD,False,2023-04-28,
474,SKU-0000474,Officia,Beauty,Makeup,3.487,AUD,False,2022-02-17,
475,SKU-0000475,Nesciunt,Clothing,Men,5.1676,AUD,False,2022-04-03,
476,SKU-0000476,Maiores,Clothing,Kids,21.8333,AUD,False,2022-04-30,
477,SKU-0000477,Ullam,Toys,Board,25.0904,AUD,False,2021-06-18,
478,SKU-0000478,Similique,Grocery,Snacks,9.7326,AUD,False,2023-10-27,
479,SKU-0000479,Ab,Grocery,Beverages,14.7063,AUD,False,2024-02-11,
480,SKU-0000480,Impedit,Toys,Outdoor,12.8793,AUD,False,2023-06-15,
481,SKU-0000481,Expedita,Beauty,Hair,51.3898,AUD,False,2023-07-02,
482,SKU-0000482,Expedita,Home,Kitchen,19.2939,AUD,False,2021-07-31,
483,SKU-0000483,Soluta,Grocery,Beverages,10.3402,AUD,False,2023-12-12,
484,SKU-0000484,Adipisci,Toys,Outdoor,6.8362,AUD,True,2022-02-20,2024-01-03
485,SKU-0000485,Cumque,Clothing,Men,4.9371,AUD,False,2021-02-18,
486,SKU-0000486,Ad,Toys,STEM,12.2036,AUD,False,2023-10-10,
487,SKU-0000487,Hic,Beauty,Hair,7.5521,AUD,False,2021-02-19,
488,SKU-0000488,Saepe,Home,Kitchen,5.4134,AUD,False,2021-11-30,2022-04-04
489,SKU-0000489,Optio,Toys,STEM,7.9782,AUD,True,2022-10-05,
490,SKU-0000490,Optio,Home,Bath,6.4188,AUD,False,2023-11-27,
491,SKU-0000491,Dicta,Grocery,Snacks,25.6251,AUD,False,2022-08-23,2024-04-29
492,SKU-0000492,Architecto,Toys,Board,17.1298,AUD,False,2022-10-04,
493,SKU-0000493,Blanditiis,Electronics,Phones,10.9793,AUD,False,2024-04-02,
494,SKU-0000494,Ducimus,Clothing,Women,23.1032,AUD,False,2021-10-25,
495,SKU-0000495,Hic,Toys,Outdoor,11.458,AUD,False,2023-06-24,
496,SKU-0000496,Repellendus,Grocery,Beverages,7.1661,AUD,False,2023-03-19,
497,SKU-0000497,Ut,Home,Kitchen,23.6074,AUD,False,2021-04-04,2021-07-27
498,SKU-0000498,Eveniet,Toys,STEM,14.4321,AUD,False,2023-09-12,2024-02-24
499,SKU-0000499,Asperiores,Clothing,Men,6.5625,AUD,False,2022-05-09,2023-07-09
